roc_auc,pr_auc,precision,recall,f1,threshold
0.8374189464982305,0.6494980068947722,0.5122377622377622,0.7834224598930482,0.6194503171247357,0.5
